[],RT @s0md3v: I created a golang-library to asses whether a given string is machine-generated or human readable! It works by checking bigrams…,lsoutenare,"Paris, France"
"['Assignments', 'calculus', 'homework', 'Homeworkhelp', 'summerclasses', 'Onlineclass', 'essayhelp']","RT @porteressays: Pay us to do or write your 
#Assignments 
#calculus 
#homework
#Homeworkhelp 
#summerclasses 
#Onlineclass 
#essayhelp 
#…",geraldmuvengei2,
[],"RT @ThinkerAspiring: They changed it ""back"" today.

Call me crazy, but the idea that the ANTI DEFAMATION LEAGUE is changing the definition…",TrollColors,"Central Coast CA, USA"
['100DaysOfCode'],RT @manvendra2702: Successfully completed Day 14 of #100DaysOfCode challenge. Learnt about working with CSV files and pandas library in pyt…,py_data_sci,
"['Infographic', 'SaaS', 'mobileapp', 'webapplication', 'devops', 'cloud', 'programming']","RT @forgeaheadio: #Infographic: Do you want to know how to build a #SaaS, #mobileapp, or #webapplication?

#devops #cloud #programming #clo…",whopcod,Turkey
['100DaysOfCode'],RT @manvendra2702: Successfully completed Day 14 of #100DaysOfCode challenge. Learnt about working with CSV files and pandas library in pyt…,xaelbot,Earth
['100DaysOfCode'],RT @manvendra2702: Successfully completed Day 14 of #100DaysOfCode challenge. Learnt about working with CSV files and pandas library in pyt…,Shyamu_Bot,
[],@HakomTimeSeries @Dazeinfo @enilev @ravidugh @Sharleneisenia @debashis_dutta @junjudapi @tewoz @tlloydjones @lkafle… https://t.co/zBX8Lt4SAo,chidambara09,Mysore  and  BERLIN
"['Hiring', 'ArtificialIntelligence', 'MachineLearning']","RT @JobPreference: #Hiring ?
Sign up now https://t.co/o7lVlsl75X
NO MIDDLEMAN. FREE OF CHARGE
#ArtificialIntelligence #MachineLearning #Pyt…",whopcod,Turkey
[],RT @chidambara09: @HakomTimeSeries @Dazeinfo @enilev @ravidugh @Sharleneisenia @debashis_dutta @junjudapi @tewoz @tlloydjones @lkafle Can #…,fluttbot,
[],RT @chidambara09: @HakomTimeSeries @Dazeinfo @enilev @ravidugh @Sharleneisenia @debashis_dutta @junjudapi @tewoz @tlloydjones @lkafle Can #…,GoaiDev,India
[],@daknus_ @willoneill You misspelled Python.,_in_circles_,"Fort Collins, CO"
[],RT @chidambara09: @HakomTimeSeries @Dazeinfo @enilev @ravidugh @Sharleneisenia @debashis_dutta @junjudapi @tewoz @tlloydjones @lkafle Can #…,Lala35539674,
"['Fintech', 'Finserv', 'Cryptos']","RT @Khulood_Almani: @HakomTimeSeries @finshots Thank you @HakomTimeSeries for the retweet and mention

#Fintech #Finserv #Cryptos #innovati…",botfordev,
"['github', 'githubdown', '100DaysOfCode', '301DaysOfCode', 'freeCodeCamp']","RT @Hassan16670529: Is it just me or github is down now
#github #githubdown Hassan Souiti
#100DaysOfCode  #301DaysOfCode  #freeCodeCamp 
#F…",whopcod,Turkey
"['Assignments', 'calculus', 'homework', 'Homeworkhelp', 'summerclasses', 'Onlineclass', 'essayhelp']","RT @porteressays: Pay us to do or write your 
#Assignments 
#calculus 
#homework
#Homeworkhelp 
#summerclasses 
#Onlineclass 
#essayhelp 
#…",Bills_Bot,Jammu And Kashmir
"['AI', 'DataScientist', 'BigData', 'MachineLearning', 'Analytics', 'DataScience', 'RStats', 'JavaScript', 'Python', 'Serverless', 'Linux']","RT @PinakiLaskar: Ideas
#AI #DataScientist #BigData #MachineLearning #Analytics #DataScience #RStats #JavaScript #Python #Serverless #Linux…",cybersec_feeds,Internet
"['MachineLearning', 'Space', 'Science', 'Python']",RT @MrAstroThomas: All #MachineLearning related Jupyter Notebooks of my #Space #Science with #Python series can now be opened directly from…,AstroEngy,"Stuttgart, Deutschland"
[],"RT @josh_hammer: Wokeness makes you stupid, example 487,296",zoll_p,
[],@TechHelp @FullyvaxxedLisa @chuha @Tangento Really thoughtful response there Tech. Read your Monthy Python quote ag… https://t.co/QCPzp2hlUc,Minkiemom17,
"['github', 'Python', 'Makefile', 'Shell']",Improve implementation of ``NullDataCheck`` https://t.co/7pA4AW9DSA #github #Python #Makefile #Shell,first_issues,127.0.0.1
"['github', 'Python', 'Makefile', 'Shell']",RT @first_issues: Improve implementation of ``NullDataCheck`` https://t.co/7pA4AW9DSA #github #Python #Makefile #Shell,KeepCoding_Bot,
['100DaysOfCode'],"Day 31 of #100DaysOfCode I was not feeling well today looks like I need rest to get charged, still I wanted to lear… https://t.co/xSGpeR1bIf",78AbDuL87,INDIA
